,name,pred
1,testImgs\0.png,0.0
2,testImgs\1.png,0.0
3,testImgs\2.png,0.0
4,testImgs\3.png,0.0
5,testImgs\4.png,0.0
6,testImgs\5.png,0.0
7,testImgs\6.png,0.0
8,testImgs\7.png,0.0
9,testImgs\8.png,0.0
10,testImgs\9.png,0.0
11,testImgs\10.png,0.0
12,testImgs\11.png,0.0
13,testImgs\12.png,0.0
14,testImgs\13.png,1.0
15,testImgs\14.png,0.0
16,testImgs\15.png,0.0
17,testImgs\16.png,1.0
18,testImgs\17.png,0.0
19,testImgs\18.png,1.0
20,testImgs\19.png,1.0
21,testImgs\20.png,0.0
22,testImgs\21.png,0.0
23,testImgs\22.png,1.0
24,testImgs\23.png,1.0
25,testImgs\24.png,0.0
26,testImgs\25.png,1.0
27,testImgs\26.png,0.0
28,testImgs\27.png,1.0
29,testImgs\28.png,1.0
30,testImgs\29.png,1.0
31,testImgs\30.png,0.0
32,testImgs\31.png,0.0
33,testImgs\32.png,0.0
34,testImgs\33.png,0.0
35,testImgs\34.png,0.0
36,testImgs\35.png,1.0
37,testImgs\36.png,1.0
38,testImgs\37.png,1.0
39,testImgs\38.png,1.0
40,testImgs\39.png,1.0
41,testImgs\40.png,1.0
42,testImgs\41.png,1.0
43,testImgs\42.png,0.0
44,testImgs\43.png,0.0
45,testImgs\44.png,0.0
46,testImgs\45.png,0.0
47,testImgs\46.png,0.0
48,testImgs\47.png,1.0
49,testImgs\48.png,1.0
50,testImgs\49.png,1.0
51,testImgs\50.png,0.0
52,testImgs\51.png,1.0
53,testImgs\52.png,1.0
54,testImgs\53.png,1.0
55,testImgs\54.png,0.0
56,testImgs\55.png,0.0
57,testImgs\56.png,0.0
58,testImgs\57.png,0.0
59,testImgs\58.png,0.0
60,testImgs\59.png,0.0
61,testImgs\60.png,0.0
62,testImgs\61.png,0.0
63,testImgs\62.png,0.0
64,testImgs\63.png,0.0
65,testImgs\64.png,0.0
66,testImgs\65.png,1.0
67,testImgs\66.png,0.0
68,testImgs\67.png,1.0
69,testImgs\68.png,1.0
70,testImgs\69.png,1.0
71,testImgs\70.png,0.0
72,testImgs\71.png,1.0
73,testImgs\72.png,1.0
74,testImgs\73.png,0.0
75,testImgs\74.png,1.0
76,testImgs\75.png,1.0
77,testImgs\76.png,1.0
78,testImgs\77.png,1.0
79,testImgs\78.png,0.0
80,testImgs\79.png,0.0
81,testImgs\80.png,0.0
82,testImgs\81.png,0.0
83,testImgs\82.png,0.0
84,testImgs\83.png,1.0
85,testImgs\84.png,0.0
86,testImgs\85.png,1.0
87,testImgs\86.png,0.0
88,testImgs\87.png,0.0
89,testImgs\88.png,0.0
90,testImgs\89.png,0.0
91,testImgs\90.png,0.0
92,testImgs\91.png,0.0
93,testImgs\92.png,1.0
94,testImgs\93.png,1.0
95,testImgs\94.png,1.0
96,testImgs\95.png,1.0
97,testImgs\96.png,1.0
98,testImgs\97.png,0.0
99,testImgs\98.png,1.0
100,testImgs\99.png,1.0
101,testImgs\100.png,0.0
102,testImgs\101.png,1.0
103,testImgs\102.png,0.0
104,testImgs\103.png,1.0
105,testImgs\104.png,0.0
106,testImgs\105.png,1.0
107,testImgs\106.png,1.0
108,testImgs\107.png,1.0
109,testImgs\108.png,1.0
110,testImgs\109.png,0.0
111,testImgs\110.png,0.0
112,testImgs\111.png,0.0
113,testImgs\112.png,0.0
114,testImgs\113.png,0.0
115,testImgs\114.png,1.0
116,testImgs\115.png,0.0
117,testImgs\116.png,1.0
118,testImgs\117.png,1.0
119,testImgs\118.png,1.0
120,testImgs\119.png,1.0
121,testImgs\120.png,1.0
122,testImgs\121.png,1.0
123,testImgs\122.png,1.0
124,testImgs\123.png,1.0
125,testImgs\124.png,1.0
126,testImgs\125.png,1.0
127,testImgs\126.png,0.0
128,testImgs\127.png,0.0
129,testImgs\128.png,1.0
130,testImgs\129.png,1.0
131,testImgs\130.png,0.0
132,testImgs\131.png,0.0
133,testImgs\132.png,1.0
134,testImgs\133.png,1.0
135,testImgs\134.png,1.0
136,testImgs\135.png,0.0
137,testImgs\136.png,1.0
138,testImgs\137.png,1.0
139,testImgs\138.png,0.0
140,testImgs\139.png,1.0
141,testImgs\140.png,1.0
142,testImgs\141.png,0.0
143,testImgs\142.png,0.0
144,testImgs\143.png,0.0
145,testImgs\144.png,1.0
146,testImgs\145.png,0.0
147,testImgs\146.png,0.0
148,testImgs\147.png,1.0
149,testImgs\148.png,1.0
150,testImgs\149.png,0.0
151,testImgs\150.png,0.0
152,testImgs\151.png,1.0
153,testImgs\152.png,1.0
154,testImgs\153.png,0.0
155,testImgs\154.png,0.0
156,testImgs\155.png,0.0
157,testImgs\156.png,0.0
158,testImgs\157.png,0.0
159,testImgs\158.png,0.0
160,testImgs\159.png,0.0
161,testImgs\160.png,0.0
162,testImgs\161.png,1.0
163,testImgs\162.png,1.0
164,testImgs\163.png,0.0
165,testImgs\164.png,0.0
166,testImgs\165.png,1.0
167,testImgs\166.png,1.0
168,testImgs\167.png,1.0
169,testImgs\168.png,1.0
170,testImgs\169.png,1.0
171,testImgs\170.png,1.0
172,testImgs\171.png,0.0
173,testImgs\172.png,1.0
174,testImgs\173.png,1.0
175,testImgs\174.png,1.0
176,testImgs\175.png,1.0
177,testImgs\176.png,0.0
178,testImgs\177.png,0.0
179,testImgs\178.png,0.0
180,testImgs\179.png,1.0
181,testImgs\180.png,0.0
182,testImgs\181.png,0.0
183,testImgs\182.png,1.0
184,testImgs\183.png,0.0
185,testImgs\184.png,0.0
186,testImgs\185.png,1.0
187,testImgs\186.png,0.0
188,testImgs\187.png,1.0
189,testImgs\188.png,1.0
190,testImgs\189.png,0.0
191,testImgs\190.png,1.0
192,testImgs\191.png,0.0
193,testImgs\192.png,0.0
194,testImgs\193.png,1.0
195,testImgs\194.png,0.0
196,testImgs\195.png,1.0
197,testImgs\196.png,1.0
198,testImgs\197.png,1.0
199,testImgs\198.png,1.0
200,testImgs\199.png,1.0
201,testImgs\200.png,1.0
202,testImgs\201.png,0.0
203,testImgs\202.png,0.0
204,testImgs\203.png,0.0
205,testImgs\204.png,0.0
206,testImgs\205.png,1.0
207,testImgs\206.png,0.0
208,testImgs\207.png,1.0
209,testImgs\208.png,1.0
210,testImgs\209.png,1.0
211,testImgs\210.png,1.0
212,testImgs\211.png,1.0
213,testImgs\212.png,1.0
214,testImgs\213.png,0.0
215,testImgs\214.png,1.0
216,testImgs\215.png,1.0
217,testImgs\216.png,0.0
218,testImgs\217.png,0.0
219,testImgs\218.png,0.0
220,testImgs\219.png,0.0
221,testImgs\220.png,0.0
222,testImgs\221.png,0.0
223,testImgs\222.png,0.0
224,testImgs\223.png,1.0
225,testImgs\224.png,1.0
226,testImgs\225.png,1.0
227,testImgs\226.png,1.0
228,testImgs\227.png,1.0
229,testImgs\228.png,1.0
230,testImgs\229.png,1.0
231,testImgs\230.png,1.0
232,testImgs\231.png,1.0
233,testImgs\232.png,1.0
234,testImgs\233.png,1.0
235,testImgs\234.png,1.0
236,testImgs\235.png,0.0
237,testImgs\236.png,0.0
238,testImgs\237.png,0.0
239,testImgs\238.png,0.0
240,testImgs\239.png,0.0
241,testImgs\240.png,0.0
242,testImgs\241.png,0.0
243,testImgs\242.png,0.0
244,testImgs\243.png,0.0
245,testImgs\244.png,0.0
246,testImgs\245.png,1.0
247,testImgs\246.png,1.0
248,testImgs\247.png,0.0
249,testImgs\248.png,0.0
250,testImgs\249.png,0.0
251,testImgs\250.png,1.0
252,testImgs\251.png,0.0
253,testImgs\252.png,0.0
254,testImgs\253.png,0.0
255,testImgs\254.png,0.0
256,testImgs\255.png,0.0
257,testImgs\256.png,0.0
258,testImgs\257.png,0.0
259,testImgs\258.png,0.0
260,testImgs\259.png,1.0
261,testImgs\260.png,0.0
262,testImgs\261.png,1.0
263,testImgs\262.png,0.0
264,testImgs\263.png,0.0
265,testImgs\264.png,0.0
266,testImgs\265.png,0.0
267,testImgs\266.png,0.0
268,testImgs\267.png,0.0
269,testImgs\268.png,1.0
270,testImgs\269.png,1.0
271,testImgs\270.png,1.0
272,testImgs\271.png,1.0
273,testImgs\272.png,1.0
274,testImgs\273.png,1.0
275,testImgs\274.png,0.0
276,testImgs\275.png,0.0
277,testImgs\276.png,1.0
278,testImgs\277.png,1.0
279,testImgs\278.png,1.0
280,testImgs\279.png,0.0
281,testImgs\280.png,1.0
282,testImgs\281.png,0.0
283,testImgs\282.png,0.0
284,testImgs\283.png,1.0
285,testImgs\284.png,0.0
286,testImgs\285.png,0.0
287,testImgs\286.png,0.0
288,testImgs\287.png,0.0
289,testImgs\288.png,0.0
290,testImgs\289.png,0.0
291,testImgs\290.png,1.0
292,testImgs\291.png,0.0
293,testImgs\292.png,0.0
294,testImgs\293.png,0.0
295,testImgs\294.png,1.0
296,testImgs\295.png,0.0
297,testImgs\296.png,0.0
298,testImgs\297.png,0.0
299,testImgs\298.png,1.0
300,testImgs\299.png,1.0
301,testImgs\300.png,0.0
302,testImgs\301.png,1.0
303,testImgs\302.png,0.0
304,testImgs\303.png,0.0
305,testImgs\304.png,0.0
306,testImgs\305.png,1.0
307,testImgs\306.png,1.0
308,testImgs\307.png,1.0
309,testImgs\308.png,0.0
310,testImgs\309.png,0.0
311,testImgs\310.png,1.0
312,testImgs\311.png,1.0
313,testImgs\312.png,1.0
314,testImgs\313.png,1.0
315,testImgs\314.png,1.0
316,testImgs\315.png,1.0
317,testImgs\316.png,0.0
318,testImgs\317.png,1.0
319,testImgs\318.png,1.0
320,testImgs\319.png,1.0
321,testImgs\320.png,1.0
322,testImgs\321.png,1.0
323,testImgs\322.png,1.0
324,testImgs\323.png,1.0
325,testImgs\324.png,1.0
326,testImgs\325.png,1.0
327,testImgs\326.png,1.0
328,testImgs\327.png,1.0
329,testImgs\328.png,1.0
330,testImgs\329.png,1.0
331,testImgs\330.png,0.0
332,testImgs\331.png,0.0
333,testImgs\332.png,0.0
334,testImgs\333.png,0.0
335,testImgs\334.png,1.0
336,testImgs\335.png,1.0
337,testImgs\336.png,1.0
338,testImgs\337.png,0.0
339,testImgs\338.png,0.0
340,testImgs\339.png,0.0
341,testImgs\340.png,0.0
342,testImgs\341.png,0.0
343,testImgs\342.png,0.0
344,testImgs\343.png,0.0
345,testImgs\344.png,1.0
346,testImgs\345.png,0.0
347,testImgs\346.png,0.0
348,testImgs\347.png,0.0
349,testImgs\348.png,0.0
350,testImgs\349.png,1.0
351,testImgs\350.png,1.0
352,testImgs\351.png,1.0
353,testImgs\352.png,0.0
354,testImgs\353.png,1.0
355,testImgs\354.png,0.0
356,testImgs\355.png,0.0
357,testImgs\356.png,0.0
358,testImgs\357.png,0.0
359,testImgs\358.png,0.0
360,testImgs\359.png,1.0
361,testImgs\360.png,0.0
362,testImgs\361.png,1.0
363,testImgs\362.png,1.0
364,testImgs\363.png,1.0
365,testImgs\364.png,1.0
366,testImgs\365.png,0.0
367,testImgs\366.png,0.0
368,testImgs\367.png,1.0
369,testImgs\368.png,1.0
370,testImgs\369.png,1.0
371,testImgs\370.png,0.0
372,testImgs\371.png,1.0
373,testImgs\372.png,0.0
374,testImgs\373.png,1.0
375,testImgs\374.png,0.0
376,testImgs\375.png,1.0
377,testImgs\376.png,1.0
378,testImgs\377.png,1.0
379,testImgs\378.png,1.0
380,testImgs\379.png,1.0
381,testImgs\380.png,1.0
382,testImgs\381.png,1.0
383,testImgs\382.png,1.0
384,testImgs\383.png,1.0
385,testImgs\384.png,1.0
386,testImgs\385.png,0.0
387,testImgs\386.png,1.0
388,testImgs\387.png,1.0
389,testImgs\388.png,1.0
390,testImgs\389.png,1.0
391,testImgs\390.png,0.0
392,testImgs\391.png,1.0
393,testImgs\392.png,0.0
394,testImgs\393.png,1.0
395,testImgs\394.png,1.0
396,testImgs\395.png,1.0
397,testImgs\396.png,1.0
398,testImgs\397.png,1.0
399,testImgs\398.png,1.0
400,testImgs\399.png,0.0
401,testImgs\400.png,1.0
402,testImgs\401.png,0.0
403,testImgs\402.png,1.0
404,testImgs\403.png,1.0
405,testImgs\404.png,1.0
406,testImgs\405.png,0.0
407,testImgs\406.png,1.0
408,testImgs\407.png,0.0
409,testImgs\408.png,1.0
410,testImgs\409.png,1.0
411,testImgs\410.png,0.0
412,testImgs\411.png,1.0
413,testImgs\412.png,1.0
414,testImgs\413.png,1.0
415,testImgs\414.png,1.0
416,testImgs\415.png,1.0
417,testImgs\416.png,1.0
418,testImgs\417.png,1.0
419,testImgs\418.png,1.0
420,testImgs\419.png,0.0
421,testImgs\420.png,0.0
422,testImgs\421.png,0.0
423,testImgs\422.png,0.0
424,testImgs\423.png,0.0
425,testImgs\424.png,1.0
426,testImgs\425.png,1.0
427,testImgs\426.png,1.0
428,testImgs\427.png,0.0
429,testImgs\428.png,1.0
430,testImgs\429.png,1.0
431,testImgs\430.png,0.0
432,testImgs\431.png,1.0
433,testImgs\432.png,1.0
434,testImgs\433.png,1.0
435,testImgs\434.png,0.0
436,testImgs\435.png,0.0
437,testImgs\436.png,0.0
438,testImgs\437.png,0.0
439,testImgs\438.png,0.0
440,testImgs\439.png,0.0
441,testImgs\440.png,0.0
442,testImgs\441.png,0.0
443,testImgs\442.png,0.0
444,testImgs\443.png,0.0
445,testImgs\444.png,0.0
446,testImgs\445.png,1.0
447,testImgs\446.png,1.0
448,testImgs\447.png,1.0
449,testImgs\448.png,0.0
450,testImgs\449.png,0.0
451,testImgs\450.png,1.0
452,testImgs\451.png,0.0
453,testImgs\452.png,0.0
454,testImgs\453.png,1.0
455,testImgs\454.png,1.0
456,testImgs\455.png,1.0
457,testImgs\456.png,1.0
458,testImgs\457.png,1.0
459,testImgs\458.png,1.0
460,testImgs\459.png,1.0
461,testImgs\460.png,1.0
462,testImgs\461.png,0.0
463,testImgs\462.png,0.0
464,testImgs\463.png,1.0
465,testImgs\464.png,1.0
466,testImgs\465.png,1.0
467,testImgs\466.png,0.0
468,testImgs\467.png,1.0
469,testImgs\468.png,0.0
470,testImgs\469.png,0.0
471,testImgs\470.png,1.0
472,testImgs\471.png,0.0
473,testImgs\472.png,0.0
474,testImgs\473.png,0.0
475,testImgs\474.png,0.0
476,testImgs\475.png,0.0
477,testImgs\476.png,0.0
478,testImgs\477.png,0.0
479,testImgs\478.png,0.0
480,testImgs\479.png,0.0
481,testImgs\480.png,0.0
482,testImgs\481.png,0.0
483,testImgs\482.png,0.0
484,testImgs\483.png,1.0
485,testImgs\484.png,1.0
486,testImgs\485.png,1.0
487,testImgs\486.png,1.0
488,testImgs\487.png,1.0
489,testImgs\488.png,1.0
490,testImgs\489.png,0.0
491,testImgs\490.png,0.0
492,testImgs\491.png,1.0
493,testImgs\492.png,0.0
494,testImgs\493.png,1.0
495,testImgs\494.png,1.0
496,testImgs\495.png,1.0
497,testImgs\496.png,1.0
498,testImgs\497.png,1.0
499,testImgs\498.png,1.0
500,testImgs\499.png,1.0
501,testImgs\500.png,1.0
502,testImgs\501.png,1.0
503,testImgs\502.png,0.0
504,testImgs\503.png,0.0
505,testImgs\504.png,0.0
506,testImgs\505.png,0.0
507,testImgs\506.png,0.0
508,testImgs\507.png,0.0
509,testImgs\508.png,0.0
510,testImgs\509.png,0.0
511,testImgs\510.png,0.0
512,testImgs\511.png,0.0
513,testImgs\512.png,1.0
514,testImgs\513.png,0.0
515,testImgs\514.png,0.0
516,testImgs\515.png,1.0
517,testImgs\516.png,1.0
518,testImgs\517.png,0.0
519,testImgs\518.png,0.0
520,testImgs\519.png,0.0
521,testImgs\520.png,1.0
522,testImgs\521.png,1.0
523,testImgs\522.png,0.0
524,testImgs\523.png,1.0
525,testImgs\524.png,0.0
526,testImgs\525.png,0.0
527,testImgs\526.png,0.0
528,testImgs\527.png,0.0
529,testImgs\528.png,1.0
530,testImgs\529.png,0.0
531,testImgs\530.png,0.0
532,testImgs\531.png,1.0
533,testImgs\532.png,0.0
534,testImgs\533.png,1.0
535,testImgs\534.png,1.0
536,testImgs\535.png,1.0
537,testImgs\536.png,0.0
538,testImgs\537.png,1.0
539,testImgs\538.png,1.0
540,testImgs\539.png,0.0
541,testImgs\540.png,1.0
542,testImgs\541.png,1.0
543,testImgs\542.png,1.0
544,testImgs\543.png,1.0
545,testImgs\544.png,1.0
546,testImgs\545.png,1.0
547,testImgs\546.png,0.0
548,testImgs\547.png,1.0
549,testImgs\548.png,0.0
550,testImgs\549.png,1.0
551,testImgs\550.png,0.0
552,testImgs\551.png,1.0
553,testImgs\552.png,1.0
554,testImgs\553.png,1.0
555,testImgs\554.png,1.0
556,testImgs\555.png,1.0
557,testImgs\556.png,1.0
558,testImgs\557.png,1.0
559,testImgs\558.png,1.0
560,testImgs\559.png,0.0
561,testImgs\560.png,1.0
562,testImgs\561.png,1.0
563,testImgs\562.png,0.0
564,testImgs\563.png,0.0
565,testImgs\564.png,0.0
566,testImgs\565.png,0.0
567,testImgs\566.png,0.0
568,testImgs\567.png,0.0
569,testImgs\568.png,1.0
570,testImgs\569.png,0.0
571,testImgs\570.png,1.0
572,testImgs\571.png,0.0
573,testImgs\572.png,0.0
574,testImgs\573.png,0.0
575,testImgs\574.png,0.0
576,testImgs\575.png,0.0
577,testImgs\576.png,0.0
578,testImgs\577.png,0.0
579,testImgs\578.png,1.0
580,testImgs\579.png,1.0
581,testImgs\580.png,0.0
582,testImgs\581.png,0.0
583,testImgs\582.png,0.0
584,testImgs\583.png,0.0
585,testImgs\584.png,0.0
586,testImgs\585.png,1.0
587,testImgs\586.png,1.0
588,testImgs\587.png,1.0
589,testImgs\588.png,1.0
590,testImgs\589.png,0.0
591,testImgs\590.png,0.0
592,testImgs\591.png,0.0
593,testImgs\592.png,0.0
594,testImgs\593.png,0.0
595,testImgs\594.png,0.0
596,testImgs\595.png,0.0
597,testImgs\596.png,1.0
598,testImgs\597.png,0.0
599,testImgs\598.png,1.0
600,testImgs\599.png,1.0
601,testImgs\600.png,0.0
602,testImgs\601.png,1.0
603,testImgs\602.png,1.0
604,testImgs\603.png,0.0
605,testImgs\604.png,1.0
606,testImgs\605.png,1.0
607,testImgs\606.png,1.0
608,testImgs\607.png,1.0
609,testImgs\608.png,1.0
610,testImgs\609.png,1.0
611,testImgs\610.png,1.0
612,testImgs\611.png,0.0
613,testImgs\612.png,1.0
614,testImgs\613.png,0.0
615,testImgs\614.png,1.0
616,testImgs\615.png,0.0
617,testImgs\616.png,1.0
618,testImgs\617.png,1.0
619,testImgs\618.png,1.0
620,testImgs\619.png,0.0
621,testImgs\620.png,0.0
622,testImgs\621.png,0.0
623,testImgs\622.png,0.0
624,testImgs\623.png,0.0
625,testImgs\624.png,0.0
626,testImgs\625.png,0.0
627,testImgs\626.png,0.0
628,testImgs\627.png,1.0
629,testImgs\628.png,0.0
630,testImgs\629.png,1.0
631,testImgs\630.png,0.0
632,testImgs\631.png,0.0
633,testImgs\632.png,0.0
634,testImgs\633.png,0.0
635,testImgs\634.png,1.0
636,testImgs\635.png,0.0
637,testImgs\636.png,0.0
638,testImgs\637.png,0.0
639,testImgs\638.png,0.0
640,testImgs\639.png,1.0
641,testImgs\640.png,1.0
642,testImgs\641.png,0.0
643,testImgs\642.png,0.0
644,testImgs\643.png,1.0
645,testImgs\644.png,1.0
646,testImgs\645.png,1.0
647,testImgs\646.png,1.0
648,testImgs\647.png,0.0
649,testImgs\648.png,0.0
650,testImgs\649.png,0.0
651,testImgs\650.png,0.0
652,testImgs\651.png,0.0
653,testImgs\652.png,0.0
654,testImgs\653.png,1.0
655,testImgs\654.png,1.0
656,testImgs\655.png,1.0
657,testImgs\656.png,0.0
658,testImgs\657.png,1.0
659,testImgs\658.png,1.0
660,testImgs\659.png,1.0
661,testImgs\660.png,1.0
662,testImgs\661.png,1.0
663,testImgs\662.png,1.0
664,testImgs\663.png,0.0
665,testImgs\664.png,0.0
666,testImgs\665.png,0.0
667,testImgs\666.png,0.0
668,testImgs\667.png,1.0
669,testImgs\668.png,0.0
670,testImgs\669.png,0.0
671,testImgs\670.png,0.0
672,testImgs\671.png,0.0
673,testImgs\672.png,1.0
674,testImgs\673.png,1.0
675,testImgs\674.png,0.0
676,testImgs\675.png,1.0
677,testImgs\676.png,1.0
678,testImgs\677.png,1.0
679,testImgs\678.png,1.0
680,testImgs\679.png,1.0
681,testImgs\680.png,1.0
682,testImgs\681.png,0.0
683,testImgs\682.png,0.0
684,testImgs\683.png,0.0
685,testImgs\684.png,0.0
686,testImgs\685.png,0.0
687,testImgs\686.png,1.0
688,testImgs\687.png,1.0
689,testImgs\688.png,1.0
690,testImgs\689.png,0.0
691,testImgs\690.png,1.0
692,testImgs\691.png,0.0
693,testImgs\692.png,0.0
694,testImgs\693.png,1.0
695,testImgs\694.png,1.0
696,testImgs\695.png,1.0
697,testImgs\696.png,1.0
698,testImgs\697.png,1.0
699,testImgs\698.png,1.0
700,testImgs\699.png,1.0
701,testImgs\700.png,0.0
702,testImgs\701.png,1.0
703,testImgs\702.png,1.0
704,testImgs\703.png,1.0
705,testImgs\704.png,1.0
706,testImgs\705.png,1.0
707,testImgs\706.png,1.0
708,testImgs\707.png,0.0
709,testImgs\708.png,1.0
710,testImgs\709.png,1.0
711,testImgs\710.png,1.0
712,testImgs\711.png,1.0
713,testImgs\712.png,0.0
714,testImgs\713.png,0.0
715,testImgs\714.png,1.0
716,testImgs\715.png,0.0
717,testImgs\716.png,1.0
718,testImgs\717.png,0.0
719,testImgs\718.png,1.0
720,testImgs\719.png,1.0
721,testImgs\720.png,0.0
722,testImgs\721.png,0.0
723,testImgs\722.png,1.0
724,testImgs\723.png,1.0
725,testImgs\724.png,0.0
726,testImgs\725.png,1.0
727,testImgs\726.png,0.0
728,testImgs\727.png,1.0
729,testImgs\728.png,1.0
730,testImgs\729.png,1.0
731,testImgs\730.png,1.0
732,testImgs\731.png,0.0
733,testImgs\732.png,1.0
734,testImgs\733.png,0.0
735,testImgs\734.png,0.0
736,testImgs\735.png,0.0
737,testImgs\736.png,0.0
738,testImgs\737.png,1.0
739,testImgs\738.png,1.0
740,testImgs\739.png,1.0
741,testImgs\740.png,1.0
742,testImgs\741.png,0.0
743,testImgs\742.png,1.0
744,testImgs\743.png,1.0
745,testImgs\744.png,1.0
746,testImgs\745.png,1.0
747,testImgs\746.png,1.0
748,testImgs\747.png,1.0
749,testImgs\748.png,1.0
750,testImgs\749.png,1.0
751,testImgs\750.png,1.0
752,testImgs\751.png,1.0
753,testImgs\752.png,1.0
754,testImgs\753.png,1.0
755,testImgs\754.png,1.0
756,testImgs\755.png,0.0
757,testImgs\756.png,0.0
758,testImgs\757.png,0.0
759,testImgs\758.png,1.0
760,testImgs\759.png,0.0
761,testImgs\760.png,0.0
762,testImgs\761.png,0.0
763,testImgs\762.png,1.0
764,testImgs\763.png,0.0
765,testImgs\764.png,1.0
766,testImgs\765.png,1.0
767,testImgs\766.png,1.0
768,testImgs\767.png,1.0
769,testImgs\768.png,0.0
770,testImgs\769.png,1.0
771,testImgs\770.png,1.0
772,testImgs\771.png,0.0
773,testImgs\772.png,0.0
774,testImgs\773.png,0.0
775,testImgs\774.png,0.0
776,testImgs\775.png,0.0
777,testImgs\776.png,1.0
778,testImgs\777.png,1.0
779,testImgs\778.png,0.0
780,testImgs\779.png,1.0
781,testImgs\780.png,0.0
782,testImgs\781.png,0.0
783,testImgs\782.png,0.0
784,testImgs\783.png,1.0
785,testImgs\784.png,1.0
786,testImgs\785.png,1.0
787,testImgs\786.png,1.0
788,testImgs\787.png,1.0
789,testImgs\788.png,0.0
790,testImgs\789.png,1.0
791,testImgs\790.png,1.0
792,testImgs\791.png,1.0
793,testImgs\792.png,0.0
794,testImgs\793.png,1.0
795,testImgs\794.png,1.0
796,testImgs\795.png,1.0
797,testImgs\796.png,1.0
798,testImgs\797.png,0.0
799,testImgs\798.png,0.0
800,testImgs\799.png,1.0
801,testImgs\800.png,1.0
802,testImgs\801.png,0.0
803,testImgs\802.png,1.0
804,testImgs\803.png,1.0
805,testImgs\804.png,1.0
806,testImgs\805.png,1.0
807,testImgs\806.png,0.0
808,testImgs\807.png,0.0
809,testImgs\808.png,0.0
810,testImgs\809.png,1.0
811,testImgs\810.png,1.0
812,testImgs\811.png,1.0
813,testImgs\812.png,0.0
814,testImgs\813.png,1.0
815,testImgs\814.png,0.0
816,testImgs\815.png,0.0
817,testImgs\816.png,0.0
818,testImgs\817.png,0.0
819,testImgs\818.png,1.0
820,testImgs\819.png,1.0
821,testImgs\820.png,1.0
822,testImgs\821.png,1.0
823,testImgs\822.png,1.0
824,testImgs\823.png,0.0
825,testImgs\824.png,1.0
826,testImgs\825.png,1.0
827,testImgs\826.png,0.0
828,testImgs\827.png,0.0
829,testImgs\828.png,1.0
830,testImgs\829.png,1.0
831,testImgs\830.png,0.0
832,testImgs\831.png,0.0
833,testImgs\832.png,0.0
834,testImgs\833.png,0.0
835,testImgs\834.png,0.0
836,testImgs\835.png,1.0
837,testImgs\836.png,1.0
838,testImgs\837.png,1.0
839,testImgs\838.png,1.0
840,testImgs\839.png,1.0
841,testImgs\840.png,0.0
842,testImgs\841.png,0.0
843,testImgs\842.png,0.0
844,testImgs\843.png,0.0
845,testImgs\844.png,0.0
846,testImgs\845.png,1.0
847,testImgs\846.png,1.0
848,testImgs\847.png,0.0
849,testImgs\848.png,1.0
850,testImgs\849.png,1.0
851,testImgs\850.png,0.0
852,testImgs\851.png,1.0
853,testImgs\852.png,1.0
854,testImgs\853.png,0.0
855,testImgs\854.png,1.0
856,testImgs\855.png,1.0
857,testImgs\856.png,0.0
858,testImgs\857.png,0.0
859,testImgs\858.png,1.0
860,testImgs\859.png,1.0
861,testImgs\860.png,1.0
862,testImgs\861.png,1.0
863,testImgs\862.png,0.0
864,testImgs\863.png,1.0
865,testImgs\864.png,1.0
866,testImgs\865.png,1.0
867,testImgs\866.png,1.0
868,testImgs\867.png,0.0
869,testImgs\868.png,1.0
870,testImgs\869.png,0.0
871,testImgs\870.png,1.0
872,testImgs\871.png,0.0
873,testImgs\872.png,1.0
874,testImgs\873.png,1.0
875,testImgs\874.png,1.0
876,testImgs\875.png,1.0
877,testImgs\876.png,0.0
878,testImgs\877.png,0.0
879,testImgs\878.png,1.0
880,testImgs\879.png,1.0
881,testImgs\880.png,0.0
882,testImgs\881.png,0.0
883,testImgs\882.png,0.0
884,testImgs\883.png,0.0
885,testImgs\884.png,0.0
886,testImgs\885.png,0.0
887,testImgs\886.png,1.0
888,testImgs\887.png,1.0
889,testImgs\888.png,1.0
890,testImgs\889.png,1.0
891,testImgs\890.png,1.0
892,testImgs\891.png,0.0
893,testImgs\892.png,1.0
894,testImgs\893.png,0.0
895,testImgs\894.png,1.0
896,testImgs\895.png,0.0
897,testImgs\896.png,1.0
898,testImgs\897.png,1.0
899,testImgs\898.png,1.0
900,testImgs\899.png,1.0
901,testImgs\900.png,0.0
902,testImgs\901.png,0.0
903,testImgs\902.png,1.0
904,testImgs\903.png,0.0
905,testImgs\904.png,0.0
906,testImgs\905.png,1.0
907,testImgs\906.png,0.0
908,testImgs\907.png,0.0
909,testImgs\908.png,0.0
910,testImgs\909.png,0.0
911,testImgs\910.png,0.0
912,testImgs\911.png,0.0
913,testImgs\912.png,0.0
914,testImgs\913.png,1.0
915,testImgs\914.png,1.0
916,testImgs\915.png,1.0
917,testImgs\916.png,1.0
918,testImgs\917.png,1.0
919,testImgs\918.png,1.0
920,testImgs\919.png,0.0
921,testImgs\920.png,0.0
922,testImgs\921.png,0.0
923,testImgs\922.png,0.0
924,testImgs\923.png,1.0
925,testImgs\924.png,0.0
926,testImgs\925.png,1.0
927,testImgs\926.png,0.0
928,testImgs\927.png,0.0
929,testImgs\928.png,1.0
930,testImgs\929.png,1.0
931,testImgs\930.png,1.0
932,testImgs\931.png,1.0
933,testImgs\932.png,0.0
934,testImgs\933.png,1.0
935,testImgs\934.png,1.0
936,testImgs\935.png,1.0
937,testImgs\936.png,1.0
938,testImgs\937.png,1.0
939,testImgs\938.png,0.0
940,testImgs\939.png,1.0
941,testImgs\940.png,1.0
942,testImgs\941.png,1.0
943,testImgs\942.png,0.0
944,testImgs\943.png,0.0
945,testImgs\944.png,0.0
946,testImgs\945.png,1.0
947,testImgs\946.png,1.0
948,testImgs\947.png,0.0
949,testImgs\948.png,1.0
950,testImgs\949.png,1.0
951,testImgs\950.png,0.0
952,testImgs\951.png,0.0
953,testImgs\952.png,1.0
954,testImgs\953.png,0.0
955,testImgs\954.png,0.0
956,testImgs\955.png,0.0
957,testImgs\956.png,0.0
958,testImgs\957.png,0.0
959,testImgs\958.png,0.0
960,testImgs\959.png,0.0
961,testImgs\960.png,0.0
962,testImgs\961.png,1.0
963,testImgs\962.png,1.0
964,testImgs\963.png,0.0
965,testImgs\964.png,0.0
966,testImgs\965.png,1.0
967,testImgs\966.png,1.0
968,testImgs\967.png,1.0
969,testImgs\968.png,0.0
970,testImgs\969.png,0.0
971,testImgs\970.png,1.0
972,testImgs\971.png,0.0
973,testImgs\972.png,0.0
974,testImgs\973.png,0.0
975,testImgs\974.png,0.0
976,testImgs\975.png,1.0
977,testImgs\976.png,0.0
978,testImgs\977.png,1.0
979,testImgs\978.png,0.0
980,testImgs\979.png,0.0
981,testImgs\980.png,1.0
982,testImgs\981.png,0.0
983,testImgs\982.png,1.0
984,testImgs\983.png,1.0
985,testImgs\984.png,1.0
986,testImgs\985.png,1.0
987,testImgs\986.png,1.0
988,testImgs\987.png,1.0
989,testImgs\988.png,1.0
990,testImgs\989.png,1.0
991,testImgs\990.png,1.0
992,testImgs\991.png,0.0
993,testImgs\992.png,0.0
994,testImgs\993.png,0.0
995,testImgs\994.png,0.0
996,testImgs\995.png,0.0
997,testImgs\996.png,1.0
998,testImgs\997.png,1.0
999,testImgs\998.png,0.0
1000,testImgs\999.png,1.0
1001,testImgs\1000.png,0.0
1002,testImgs\1001.png,0.0
1003,testImgs\1002.png,0.0
1004,testImgs\1003.png,0.0
1005,testImgs\1004.png,0.0
1006,testImgs\1005.png,0.0
1007,testImgs\1006.png,0.0
1008,testImgs\1007.png,0.0
1009,testImgs\1008.png,0.0
1010,testImgs\1009.png,0.0
1011,testImgs\1010.png,0.0
1012,testImgs\1011.png,1.0
1013,testImgs\1012.png,1.0
1014,testImgs\1013.png,0.0
1015,testImgs\1014.png,0.0
1016,testImgs\1015.png,1.0
1017,testImgs\1016.png,1.0
1018,testImgs\1017.png,1.0
1019,testImgs\1018.png,0.0
1020,testImgs\1019.png,1.0
1021,testImgs\1020.png,0.0
1022,testImgs\1021.png,0.0
1023,testImgs\1022.png,0.0
1024,testImgs\1023.png,1.0
1025,testImgs\1024.png,1.0
1026,testImgs\1025.png,1.0
1027,testImgs\1026.png,1.0
1028,testImgs\1027.png,0.0
1029,testImgs\1028.png,0.0
1030,testImgs\1029.png,1.0
1031,testImgs\1030.png,0.0
1032,testImgs\1031.png,0.0
1033,testImgs\1032.png,0.0
1034,testImgs\1033.png,0.0
1035,testImgs\1034.png,1.0
1036,testImgs\1035.png,1.0
1037,testImgs\1036.png,1.0
1038,testImgs\1037.png,0.0
1039,testImgs\1038.png,0.0
1040,testImgs\1039.png,1.0
1041,testImgs\1040.png,0.0
1042,testImgs\1041.png,1.0
1043,testImgs\1042.png,0.0
1044,testImgs\1043.png,0.0
1045,testImgs\1044.png,1.0
1046,testImgs\1045.png,1.0
1047,testImgs\1046.png,1.0
1048,testImgs\1047.png,1.0
1049,testImgs\1048.png,1.0
1050,testImgs\1049.png,1.0
1051,testImgs\1050.png,0.0
1052,testImgs\1051.png,1.0
1053,testImgs\1052.png,1.0
1054,testImgs\1053.png,1.0
1055,testImgs\1054.png,0.0
1056,testImgs\1055.png,0.0
1057,testImgs\1056.png,1.0
1058,testImgs\1057.png,0.0
1059,testImgs\1058.png,0.0
1060,testImgs\1059.png,0.0
1061,testImgs\1060.png,1.0
1062,testImgs\1061.png,1.0
1063,testImgs\1062.png,0.0
1064,testImgs\1063.png,0.0
1065,testImgs\1064.png,1.0
1066,testImgs\1065.png,1.0
1067,testImgs\1066.png,1.0
1068,testImgs\1067.png,1.0
1069,testImgs\1068.png,1.0
1070,testImgs\1069.png,1.0
1071,testImgs\1070.png,0.0
1072,testImgs\1071.png,1.0
1073,testImgs\1072.png,1.0
1074,testImgs\1073.png,1.0
1075,testImgs\1074.png,1.0
1076,testImgs\1075.png,1.0
1077,testImgs\1076.png,0.0
1078,testImgs\1077.png,0.0
1079,testImgs\1078.png,1.0
1080,testImgs\1079.png,0.0
1081,testImgs\1080.png,0.0
1082,testImgs\1081.png,0.0
1083,testImgs\1082.png,1.0
1084,testImgs\1083.png,1.0
1085,testImgs\1084.png,1.0
1086,testImgs\1085.png,0.0
1087,testImgs\1086.png,0.0
1088,testImgs\1087.png,0.0
1089,testImgs\1088.png,0.0
1090,testImgs\1089.png,0.0
1091,testImgs\1090.png,0.0
1092,testImgs\1091.png,0.0
1093,testImgs\1092.png,1.0
1094,testImgs\1093.png,0.0
1095,testImgs\1094.png,1.0
1096,testImgs\1095.png,0.0
1097,testImgs\1096.png,0.0
1098,testImgs\1097.png,0.0
1099,testImgs\1098.png,1.0
1100,testImgs\1099.png,1.0
1101,testImgs\1100.png,1.0
1102,testImgs\1101.png,1.0
1103,testImgs\1102.png,1.0
1104,testImgs\1103.png,1.0
1105,testImgs\1104.png,1.0
1106,testImgs\1105.png,0.0
1107,testImgs\1106.png,0.0
1108,testImgs\1107.png,0.0
1109,testImgs\1108.png,0.0
1110,testImgs\1109.png,1.0
1111,testImgs\1110.png,1.0
1112,testImgs\1111.png,0.0
1113,testImgs\1112.png,0.0
1114,testImgs\1113.png,1.0
1115,testImgs\1114.png,1.0
1116,testImgs\1115.png,1.0
1117,testImgs\1116.png,1.0
1118,testImgs\1117.png,1.0
1119,testImgs\1118.png,0.0
1120,testImgs\1119.png,1.0
1121,testImgs\1120.png,1.0
1122,testImgs\1121.png,0.0
1123,testImgs\1122.png,1.0
1124,testImgs\1123.png,1.0
1125,testImgs\1124.png,1.0
1126,testImgs\1125.png,1.0
1127,testImgs\1126.png,0.0
1128,testImgs\1127.png,0.0
1129,testImgs\1128.png,0.0
1130,testImgs\1129.png,1.0
1131,testImgs\1130.png,1.0
1132,testImgs\1131.png,0.0
1133,testImgs\1132.png,1.0
1134,testImgs\1133.png,0.0
1135,testImgs\1134.png,0.0
1136,testImgs\1135.png,1.0
1137,testImgs\1136.png,0.0
1138,testImgs\1137.png,1.0
1139,testImgs\1138.png,0.0
1140,testImgs\1139.png,0.0
1141,testImgs\1140.png,0.0
1142,testImgs\1141.png,0.0
1143,testImgs\1142.png,0.0
1144,testImgs\1143.png,1.0
1145,testImgs\1144.png,0.0
1146,testImgs\1145.png,1.0
1147,testImgs\1146.png,1.0
1148,testImgs\1147.png,0.0
1149,testImgs\1148.png,1.0
1150,testImgs\1149.png,1.0
1151,testImgs\1150.png,1.0
1152,testImgs\1151.png,0.0
1153,testImgs\1152.png,1.0
1154,testImgs\1153.png,1.0
1155,testImgs\1154.png,0.0
1156,testImgs\1155.png,1.0
1157,testImgs\1156.png,0.0
1158,testImgs\1157.png,1.0
1159,testImgs\1158.png,1.0
1160,testImgs\1159.png,1.0
1161,testImgs\1160.png,1.0
1162,testImgs\1161.png,0.0
1163,testImgs\1162.png,0.0
1164,testImgs\1163.png,1.0
1165,testImgs\1164.png,0.0
1166,testImgs\1165.png,1.0
1167,testImgs\1166.png,0.0
1168,testImgs\1167.png,0.0
1169,testImgs\1168.png,0.0
1170,testImgs\1169.png,0.0
1171,testImgs\1170.png,1.0
1172,testImgs\1171.png,0.0
1173,testImgs\1172.png,0.0
1174,testImgs\1173.png,1.0
1175,testImgs\1174.png,1.0
1176,testImgs\1175.png,0.0
1177,testImgs\1176.png,0.0
1178,testImgs\1177.png,0.0
1179,testImgs\1178.png,0.0
1180,testImgs\1179.png,0.0
1181,testImgs\1180.png,0.0
1182,testImgs\1181.png,0.0
1183,testImgs\1182.png,1.0
1184,testImgs\1183.png,0.0
1185,testImgs\1184.png,1.0
1186,testImgs\1185.png,0.0
1187,testImgs\1186.png,0.0
1188,testImgs\1187.png,1.0
1189,testImgs\1188.png,1.0
1190,testImgs\1189.png,0.0
1191,testImgs\1190.png,1.0
1192,testImgs\1191.png,0.0
1193,testImgs\1192.png,0.0
1194,testImgs\1193.png,1.0
1195,testImgs\1194.png,1.0
1196,testImgs\1195.png,0.0
1197,testImgs\1196.png,0.0
1198,testImgs\1197.png,1.0
1199,testImgs\1198.png,1.0
1200,testImgs\1199.png,0.0
1201,testImgs\1200.png,0.0
1202,testImgs\1201.png,1.0
1203,testImgs\1202.png,1.0
1204,testImgs\1203.png,1.0
1205,testImgs\1204.png,1.0
1206,testImgs\1205.png,1.0
1207,testImgs\1206.png,1.0
1208,testImgs\1207.png,1.0
1209,testImgs\1208.png,1.0
1210,testImgs\1209.png,1.0
1211,testImgs\1210.png,1.0
1212,testImgs\1211.png,1.0
1213,testImgs\1212.png,1.0
1214,testImgs\1213.png,0.0
1215,testImgs\1214.png,0.0
1216,testImgs\1215.png,0.0
1217,testImgs\1216.png,0.0
1218,testImgs\1217.png,0.0
1219,testImgs\1218.png,1.0
1220,testImgs\1219.png,0.0
1221,testImgs\1220.png,0.0
1222,testImgs\1221.png,1.0
1223,testImgs\1222.png,1.0
1224,testImgs\1223.png,1.0
1225,testImgs\1224.png,1.0
1226,testImgs\1225.png,1.0
1227,testImgs\1226.png,0.0
1228,testImgs\1227.png,0.0
1229,testImgs\1228.png,1.0
1230,testImgs\1229.png,1.0
1231,testImgs\1230.png,1.0
1232,testImgs\1231.png,0.0
1233,testImgs\1232.png,1.0
1234,testImgs\1233.png,1.0
1235,testImgs\1234.png,0.0
1236,testImgs\1235.png,1.0
1237,testImgs\1236.png,0.0
1238,testImgs\1237.png,0.0
1239,testImgs\1238.png,1.0
1240,testImgs\1239.png,1.0
1241,testImgs\1240.png,0.0
1242,testImgs\1241.png,1.0
1243,testImgs\1242.png,0.0
1244,testImgs\1243.png,0.0
1245,testImgs\1244.png,1.0
1246,testImgs\1245.png,0.0
1247,testImgs\1246.png,0.0
